statistic,value
mean_delta_t,8.368876080691642
std_delta_t,5.3875214044534
